id,title,description,release_year,age_certification,runtime,genres,production_country,seasons
0,Doloribus sunt recusandae molestias et.,Quia expedita culpa doloribus enim occaecati doloribus est quia dolor.,1989," C",162," Thriller",GE,8
1,Soluta atque unde rerum distinctio.,Velit quidem iure ipsum accusantium sapiente qui aspernatur ducimus modi.,2012," R16",45," Thriller",AU,4
2,Rerum non ea ut itaque.,Voluptatem ex ipsam nihil placeat in reprehenderit dolore enim sunt.,2004," X18",109," Drama",AF,1
3,Illum et iste mollitia deserunt.,Omnis natus voluptatum dolorem non voluptatem odio maiores minus iste.,2014," 12A",180," Adventure",US,3
4,Maxime minima natus alias pariatur.,Eos magni qui hic quo ipsa suscipit voluptas magni nobis.,1983," TV-PG",96," Musical",KZ,8
5,Quaerat eius eos tenetur voluptatem.,Culpa provident velit minima cum architecto id quia quasi delectus.,1973," R18+",183," Documentary",MW,5
6,Eius illum modi aut expedita.,Id accusamus iure in eum et corrupti ut corrupti inventore.,2002," PG",149," Documentary",MD,6
7,Libero aperiam delectus mollitia sed.,Inventore quisquam aut aliquid id debitis commodi sit eaque ea.,1977," TV-Y",153," Historical",WS,7
8,Debitis exercitationem rerum magnam necessitatibus.,Qui et sunt unde voluptatem et eum doloremque unde dolor.,2010," M",120," Animation",LY,2
9,Ab omnis iste quia ab.,Qui expedita excepturi adipisci voluptatibus culpa recusandae vel autem id.,2007," 12A",89," Fantasy",KM,9
10,Et qui vel sed sequi.,Quos dolorum et nisi voluptatem et sint incidunt eum occaecati.,2019," NC-17",206," Adventure",BT,3
11,Aliquid ipsum corrupti eveniet numquam.,Possimus quae recusandae neque qui quasi suscipit ut dolore quia.,1986," R18+",217," Musical",VI,1
12,At fugiat ratione quam qui.,Sapiente eius ut numquam rem nisi error quia qui veniam.,2007," T",227," Crime",PS,6
13,Dolor consequatur commodi sit aut.,Qui adipisci nisi perspiciatis hic ipsum numquam sed dolores suscipit.,2006," R21",159," Crime",SH,9
14,Hic tempore est assumenda quia.,Autem ipsa quam hic tenetur tempora praesentium eos tempore dolorem.,1984," AL",175," War",GY,1
15,Libero occaecati ipsum aliquid ut.,Tenetur rerum voluptatibus nesciunt nemo recusandae placeat voluptatem tempora suscipit.,1991," 18",176," War",SG,2
16,Deserunt asperiores rerum possimus et.,Qui molestias natus labore non nihil et aut minima voluptatem.,1995," 18",65," Romance",ST,1
17,Temporibus facilis nostrum impedit sed.,Ducimus corrupti qui dolorem repellat qui officiis delectus beatae cupiditate.,2012," R18+",219," Romance",BT,5
18,Et vel excepturi hic numquam.,Hic amet vitae asperiores et tenetur inventore corrupti aut aliquid.,1990," PG",229," Romance",GY,1
19,Esse recusandae voluptas non voluptas.,Sed fuga voluptas dolorem corporis impedit expedita sit accusamus ut.,1984," C",219," Adventure",KY,4
20,Fugiat dolores et vel deleniti.,Enim quia sunt ut tenetur facere esse repellat molestias dignissimos.,1989,G,102," Family",PY,6
21,Dolorem velit dolore ea totam.,Itaque dicta debitis nostrum quae debitis porro commodi culpa iusto.,2012," NC-17",100," Family",UM,5
22,Veniam ut tenetur labore sit.,Ea qui aut id non facere quod corporis nam ullam.,2004," 18",22," Crime",GL,1
23,Magnam voluptates officiis cumque quidem.,Molestiae consequatur laudantium voluptates aut vel aut repellat aut pariatur.,2008," U/A",119," Family",MK,3
24,Omnis sint consequuntur aut inventore.,Sint eos eum cumque aliquid mollitia ea veritatis aperiam odio.,2019," MA15+",104," Documentary",IS,9
25,Eum occaecati itaque et nemo.,Repellendus ducimus sunt magnam natus omnis dolorem et optio reprehenderit.,1986," EC",147," Documentary",AF,9
26,Quia expedita eius facere recusandae.,Nulla velit numquam fuga quasi qui qui magni est repellat.,2013," 12A",186," Family",BV,7
27,Qui autem quo sed eos.,Suscipit quae sit vel et molestiae rerum alias fuga eos.,1987," TV-Y7",101," Musical",UY,1
28,Fuga quos dolorum autem autem.,Aut qui iste vel dolorem debitis dolor eveniet possimus et.,2004," S",196," Musical",LC,4
29,Consequatur ut quo molestias consequuntur.,Aut dolores voluptatum totam eum adipisci expedita et dolorem corporis.,2012," U/A",96," Family",GT,7
30,Iusto reiciendis omnis assumenda odit.,Et repellat sit distinctio sunt molestiae libero doloribus vel modi.,1978," TV-Y",166," Adventure",TH,3
31,Voluptates dignissimos soluta occaecati aperiam.,Non natus dolorem illo qui ratione porro fugit autem nostrum.,2015," C",24," Comedy",DK,2
32,Consequatur consequatur assumenda maiores officiis.,Aut beatae enim exercitationem nobis corrupti iure est cupiditate provident.,1979," AL",35," Comedy",UY,5
33,Id quia minima hic debitis.,Odio non quod magni rerum rerum quia itaque aut harum.,1977," MA15+",55," Musical",TZ,5
34,Omnis assumenda distinctio voluptas nihil.,Pariatur possimus nostrum quos tenetur exercitationem nihil reiciendis sed est.,1998," PG",240," Animation",MH,2
35,Dolorem ipsa pariatur ut facere.,Nihil ut sapiente quo voluptates sit tenetur nemo nulla ex.,1992," X18",120," Sci-Fi",MN,2
36,Quidem est nisi quam sapiente.,Ut earum esse et nesciunt nisi suscipit veniam mollitia est.,1982," PG-13",168," Horror",IQ,9
37,Dolor ipsa minima placeat libero.,Ex suscipit officiis velit unde maiores aut quia non aliquid.,1998," TV-Y",194," Thriller",LR,10
38,Numquam placeat tempore et accusantium.,Magnam et consequatur natus dolor nesciunt voluptatem sed vero est.,2020," E",84," Thriller",LY,7
39,Dicta laborum ex ea nesciunt.,Et autem corporis eius aut et eveniet repellendus error nostrum.,1993," U",162," Adventure",BM,8
40,At voluptas eum et consequatur.,Tempore nihil dignissimos quia et reiciendis aliquid alias magni dolores.,2007," AL",211," Thriller",CL,3
41,Laboriosam ut aliquam nihil sit.,Nostrum ex praesentium sed facilis odio ut rem incidunt pariatur.,1996," E10+",53," Musical",HT,7
42,Ipsa vel molestiae perspiciatis dolor.,Iusto sequi quis officiis omnis et blanditiis error excepturi eos.,1994," S",169," Western",HK,4
43,Quidem at ut qui non.,Eveniet quis temporibus omnis porro repellendus qui rerum ullam cupiditate.,2006," TV-Y7",140," Drama",SZ,3
44,Nam accusamus sint dignissimos voluptates.,Porro doloribus a voluptatum rem perferendis quia aut ea cupiditate.,2004," R",75," Sci-Fi",LU,9
45,Quia inventore eos officiis molestiae.,Numquam suscipit labore aliquid magni non ratione consequatur aut maiores.,2022,G,157," Historical",CL,3
46,Beatae et est voluptatem omnis.,Saepe alias rerum repellendus exercitationem ipsam suscipit tempore nisi consequatur.,2004," R16",237," Crime",KZ,7
47,Quia nisi corrupti dolor quasi.,Et sed ex sunt harum ex sunt libero et vel.,2005," X18",56," Horror",GG,4
48,Similique quo non consequatur dolores.,Harum quia est et quidem soluta facilis fugit a ut.,2009," R",172," Animation",KE,5
49,Optio distinctio a voluptas consequatur.,Aspernatur repellat perferendis sapiente qui dolor ipsam nihil omnis molestias.,2009," 12A",226," Crime",SI,4
50,Expedita asperiores cum molestiae iste.,Quis repudiandae vitae non voluptatum eos officiis cumque officiis quia.,2010," PG",49," Documentary",LU,2
51,Totam illum quas voluptas est.,Ea qui consequatur porro possimus distinctio aspernatur aut eaque nam.,2009," M/PG",118," War",SK,1
52,Iusto ut ipsam dignissimos quisquam.,Cum sit accusantium voluptatem et voluptatem amet quasi amet dolor.,2014," R18+",211," Adventure",TL,6
53,Consequatur porro sed est illum.,Fugiat molestias delectus non nobis qui sunt nihil doloremque rem.,2014," TV-Y7",233," Western",PN,1
54,In tenetur in repudiandae vel.,Pariatur corrupti aut labore culpa et similique at et et.,2017," E",219," Adventure",SX,9
55,Aut sed sed explicabo consequatur.,Nesciunt impedit maiores quo eveniet nesciunt qui aspernatur voluptate voluptas.,1983," TV-Y",21," Musical",YE,1
56,Ut aut aut cupiditate pariatur.,In voluptas quasi non et aut et sint quis quo.,1980," M/PG",118," Comedy",PA,8
57,Non soluta voluptas sed possimus.,Eius et enim vel saepe eos et velit qui perferendis.,1986," R16",133," War",RO,9
58,Quas fugiat minima quia dolor.,Sed molestiae earum eaque natus nostrum et id dignissimos nihil.,2021," 18",40," Family",CL,10
59,Qui ipsum voluptatem odio porro.,Ratione qui magni dolore non itaque repudiandae quia voluptatem nulla.,1999," TV-G",147," Mystery",BJ,10
60,Omnis suscipit similique iste laudantium.,Cumque deserunt est dolorem quam in necessitatibus sequi odit nam.,2010," CA",121," Historical",WF,2
61,Temporibus harum aliquid sit provident.,Quam in iste dolores sint vitae ipsa reprehenderit dolorum quo.,2000," TV-Y7",76," Romance",JM,3
62,Vitae molestias commodi voluptatem ab.,Sint sit tempora qui fugit consequuntur fugiat natus maiores cumque.,2012," S",226," Comedy",FI,1
63,Tempore ut quos pariatur voluptas.,Corrupti eum aut aut quia cupiditate officiis consequatur impedit quia.,1973," 9",125," Horror",KZ,4
64,Aliquid ea tenetur quia eum.,Harum dolores ut expedita quia dolorem numquam enim voluptate id.,1980," U/A",83," Romance",IR,4
65,Quaerat voluptates id a adipisci.,Minima culpa tempora sint qui omnis fuga et quia et.,1996," T",226," Animation",SZ,7
66,Modi rerum ex distinctio inventore.,Ullam sint quia magni adipisci quasi eaque voluptates sunt quos.,2006," AL",160,Action,GR,6
67,Quod accusamus reprehenderit officia molestias.,Dicta odit voluptas sed aliquid in expedita nulla aperiam accusantium.,2010," 9",49," Adventure",WS,1
68,Repellendus quaerat impedit qui saepe.,Incidunt aut adipisci reprehenderit ullam et qui similique atque perferendis.,1975," PG-13",141," Historical",CX,5
69,Mollitia voluptas dolores eum veritatis.,Illo totam aspernatur hic et autem quos eveniet tenetur est.,1989,G,155," Comedy",TC,1
70,Ratione ab architecto sint minima.,Omnis aut veniam tempora qui voluptas et ipsam consectetur esse.,2012," A",203," Adventure",CI,6
71,Odio et consequuntur et libero.,Provident ea veniam quasi recusandae ea ipsam expedita ducimus autem.,2002," TV-Y",193," Historical",LA,5
72,Est repudiandae est quo qui.,Voluptas adipisci rem et repellendus soluta omnis eaque impedit dolore.,1975," TV-Y",154,Action,AL,7
73,Nesciunt est voluptate suscipit expedita.,Quod dolorum autem suscipit quae tempore dicta minima quo rerum.,1997," GP",38," Historical",RU,3
74,Ut voluptatem cum voluptas et.,Quod unde totam alias quia atque nulla vel similique voluptatem.,2013," M",225," Crime",AM,6
75,Laudantium quod consequatur laudantium possimus.,Asperiores ea et illo non aliquam qui consectetur necessitatibus et.,1986," R16",28," Horror",ZW,1
76,Suscipit accusamus consectetur et totam.,Ratione dolorum ipsam nemo voluptatem quod rerum dolores et voluptate.,1989," 9",209,Action,QA,2
77,Hic facilis tempora qui fuga.,Soluta voluptas rem non saepe accusantium dolores aliquid magni accusamus.,1982," S",84," Comedy",SX,8
78,Maxime autem sint possimus illo.,Dicta sunt inventore ad dolor dolore necessitatibus nostrum iure tempora.,1975," GP",206," Musical",KH,9
79,Vel quaerat quo qui repellendus.,Tempore ut at architecto similique ut ducimus sint sed ut.,1987," E10+",145," Romance",MP,7
80,Expedita porro dolor est veritatis.,Maxime facilis at et dignissimos vel aut ad consequatur sed.,1983," X18",79," Drama",IL,6
81,Velit est nisi odio quis.,Sit a magnam aspernatur ad officiis sit molestiae quisquam perspiciatis.,1976," MA15+",179,Action,UM,9
82,Facilis consequuntur cupiditate similique facilis.,Quo voluptatem voluptates beatae ullam sit quia non praesentium odit.,2001," U/A",172," Animation",ME,7
83,Sit dolorem molestias optio nulla.,Facilis sunt accusamus architecto unde atque expedita sed omnis atque.,1982," TV-Y7",180," Mystery",GP,9
84,Sit reiciendis est inventore numquam.,Quaerat iusto quos quis doloremque consequatur non in enim a.,2022," TV-Y7",196,Action,CN,6
85,Alias placeat optio totam aut.,Et fuga et ullam sapiente numquam aut quaerat enim consectetur.,1982," T",158," Mystery",HN,2
86,Nihil occaecati sed dignissimos et.,Et non aut repellat non sequi incidunt nemo sit tempora.,1973," R18+",65," Musical",GQ,9
87,Architecto et voluptatem sit eos.,Repellat assumenda adipisci incidunt ipsum aut odio distinctio ullam incidunt.,1994,G,66," Historical",NL,1
88,Ullam aperiam veritatis est tenetur.,Exercitationem sapiente dolorem illo nihil aperiam quia et harum blanditiis.,1975," NC-17",166," Animation",DZ,8
89,Assumenda possimus aliquid temporibus facilis.,Quisquam repellat esse error asperiores est porro et omnis doloremque.,2018," E",61," Mystery",PF,9
90,Quia placeat assumenda sed nesciunt.,Nam est est voluptates unde quam laboriosam sed non minima.,1987," TV-Y",88," Romance",MK,10
91,Quos molestiae ut id iusto.,Vero nihil debitis iusto voluptatum perspiciatis tenetur labore mollitia aut.,1994," E",127," Historical",AW,3
92,Et ducimus enim vel eos.,Dolore facere vel qui debitis quia voluptas delectus nobis voluptatem.,2002," M",179," Family",SJ,4
93,Rem architecto officiis eum delectus.,Recusandae ut magni amet qui cupiditate quod mollitia quo voluptatibus.,2019," S",146," Sci-Fi",MS,7
94,Et mollitia quam fugit enim.,Voluptates est sequi neque voluptas dolore officiis beatae dolor quis.,2003," TV-MA",218," Fantasy",GE,5
95,Harum inventore animi aut consequatur.,Pariatur suscipit ut veniam voluptatem velit soluta ut vero voluptatum.,2000," 6",172," Western",AL,6
96,Accusantium inventore ad et occaecati.,Expedita est soluta incidunt cum exercitationem amet et voluptatibus sed.,1982,G,219," Historical",AX,4
97,Debitis et ab adipisci voluptas.,Quia saepe earum est quia nostrum et minima est alias.,2007," S",207," Crime",CO,8
98,Illo voluptatum ut quos doloribus.,Debitis itaque harum quaerat temporibus delectus modi dolorem ratione dignissimos.,2012," E",170," Family",GL,8
99,Quas totam alias veniam delectus.,Quis sed dolores omnis inventore et et eos qui qui.,2016," E10+",207," Horror",JE,10
100,Totam quam voluptas soluta fugit.,Laudantium natus aspernatur natus dolorem vero aut non unde consequatur.,1978," S",26," Comedy",LA,5
101,Deleniti qui aspernatur mollitia accusantium.,Quia corporis architecto aut eum necessitatibus omnis molestiae eaque ab.,1989," R18+",208," Romance",TV,10
102,Eius necessitatibus consequatur et non.,Ad dolores dolore corrupti qui itaque omnis quia maiores est.,2012," R",39,Action,BW,3
103,Officia laboriosam ut magnam et.,Molestias tenetur tempora laborum quia mollitia nihil quod voluptatem voluptas.,2018," TV-MA",200," Historical",AU,2
104,Atque consequatur tenetur quia aliquam.,Illo commodi ducimus excepturi voluptas assumenda quisquam quis et unde.,2021," 12A",177,Action,RU,2
105,Debitis est nisi magni iusto.,Quisquam nulla dolores odit enim sunt sunt adipisci aut suscipit.,2022," PG",74," Historical",JP,6
106,Aspernatur velit dolorem cumque consequatur.,Quidem exercitationem illo laborum odit veniam voluptatibus aut id ea.,1992," PG-13",201," Horror",GL,6
107,Ea dolores soluta et quia.,Non numquam voluptatem quia totam enim deserunt et dolor ut.,1997," 18R",35," Adventure",BG,6
108,Dolores neque aut aut reprehenderit.,Et aut voluptate delectus nihil sed quasi totam eligendi sint.,2016," PG-13",62,Action,BM,1
109,Quis rerum aut reprehenderit natus.,Dolorem quia explicabo et placeat magnam delectus incidunt voluptates sit.,1979," M",193," Documentary",AO,3
110,Ea ipsa consectetur cupiditate omnis.,Sunt voluptatem quis aliquid debitis reiciendis rem ab non cupiditate.,1981," EC",203," Horror",NP,9
111,Enim tempore et aut labore.,Repellendus officia ut omnis voluptate beatae voluptas quam non animi.,1984," TV-Y",193," Crime",PT,9
112,Ullam officiis ad dolores dolor.,Cumque aut ab et tenetur ex iure corporis quae consequatur.,2007," 18",138," Adventure",GA,8
113,Et totam eveniet harum harum.,Minima molestiae quae at quae itaque ipsa deserunt perferendis et.,1993," X18",32," Drama",BG,8
114,Placeat blanditiis est qui fugit.,Aut incidunt blanditiis ducimus dolore et architecto et et ea.,2004," TV-Y",141,Action,IN,9
115,Hic et esse nisi quo.,Aperiam similique minus vel deleniti eius hic necessitatibus ab perferendis.,2014," U/A",134," Animation",HT,7
116,Ea et molestias delectus aut.,Sint qui numquam maxime molestias nam eveniet numquam et omnis.,2007," NC-17",108," Family",SY,7
117,Quidem voluptas numquam consequuntur qui.,Ducimus reprehenderit sed soluta aperiam voluptatem amet velit perspiciatis aut.,1978," 15",183," Thriller",LK,2
118,Et ut omnis illo tempore.,Magnam laudantium et architecto fugit unde accusantium eos assumenda eaque.,2008," TV-Y",74,Action,BA,1
119,Veritatis voluptatum rerum impedit et.,Quaerat ducimus ea minus nam sit quos non similique autem.,1990," PG-13",32," Mystery",CR,10
120,Est sint voluptatum nesciunt unde.,Est et laborum provident quos qui ipsum quas alias dolores.,1977," 12A",212," Sci-Fi",ZM,1
121,Nisi qui eius sed et.,Sed et harum assumenda amet et quasi tempore blanditiis iste.,2015," MA15+",75," Historical",KP,4
122,Velit ipsum debitis quia impedit.,Error ullam placeat qui amet quia sint debitis voluptatem totam.,2010," X18",218," Western",MH,9
123,Omnis nemo qui aspernatur eum.,Unde earum maxime autem et molestias harum tempore ratione veniam.,2006," A",229," Musical",MZ,10
124,Ipsa alias distinctio sequi quibusdam.,Consectetur dicta et molestiae ex voluptates natus vel iusto et.,2008," S",214,Action,AI,4
125,Itaque sunt optio veniam quia.,Sed amet sint esse hic recusandae debitis explicabo quisquam corporis.,1977," TV-PG",27," Musical",GR,9
126,Et voluptatem mollitia quasi vero.,Impedit esse ab voluptatibus et dolorum officia debitis aut et.,1975," TV-Y7",149," Western",BB,10
127,Molestias ea reiciendis nobis porro.,Quo natus commodi quis nulla nam quas dolorem quasi nemo.,2018," S",97," Musical",IE,8
128,Et rerum ipsam quis numquam.,Dolorum officiis sapiente quasi dignissimos veniam tenetur at ex vero.,1992," 15",50," Crime",ZW,9
129,Optio modi a dicta quo.,Doloremque quia et expedita labore distinctio magni sed beatae occaecati.,1990," 18",131," Romance",BI,7
130,Numquam in vel omnis ipsam.,Porro qui deleniti eum non velit repudiandae dolor minus nam.,2005," A",131," Adventure",MN,8
131,Velit quia dolorum qui minus.,Minima suscipit a maiores quidem et quia quis deleniti qui.,1994," MA15+",107," Mystery",GE,7
132,Dolorem doloremque magnam eius itaque.,Nisi vero nemo adipisci repellat quas non corporis aut adipisci.,1985," EC",148," Thriller",IS,2
133,Nulla sunt molestias id saepe.,Aliquam voluptas dolor tempore odit ad dicta quo qui quia.,2004," R18+",195," Documentary",UY,5
134,Temporibus rerum ea et voluptatibus.,Cum fuga illum et illum debitis omnis et voluptatibus praesentium.,1986," R21",29," Thriller",BG,1
135,Cupiditate saepe tempora nulla officia.,Eius sit iure consequuntur temporibus et rerum accusamus illo recusandae.,2018," R21",221," Western",MK,3
136,Accusamus nostrum qui provident pariatur.,Animi porro fuga quia placeat pariatur praesentium consequuntur ut maxime.,2014," 18",106," Romance",JP,7
137,Tempore accusantium vel repudiandae asperiores.,Non cupiditate rerum maiores magni excepturi quibusdam error expedita id.,1981," 9",183," Family",MU,4
138,Alias ipsa est dolor quod.,Repellendus amet non aspernatur occaecati quia et provident adipisci voluptatem.,2022," X18",208," Western",NP,2
139,Eos et laboriosam nam natus.,Laborum qui nisi vitae est quo corporis libero libero maiores.,1986," EC",76," Crime",BY,4
140,Rerum est iure sit aperiam.,Praesentium laboriosam illum optio necessitatibus rerum aut omnis et molestiae.,2007," M",59," Animation",CI,1
141,Perferendis accusamus veniam enim eos.,Cupiditate minima veniam aut animi non at ad magnam consequatur.,1975," R21",136," Thriller",CA,9
142,Iure omnis saepe adipisci saepe.,Aut iste quam modi architecto ut exercitationem consequuntur officiis id.,2018," TV-Y",57," Thriller",US,1
143,Vel nostrum quam aliquam et.,Laborum quam ea accusantium et voluptatem labore inventore fuga aut.,2003," NC-17",234," Musical",PM,8
144,Expedita cupiditate natus natus voluptatem.,Vel ut nulla et ea eius maxime repellat in rem.,1999," TV-PG",106," Adventure",CO,2
145,Velit nihil rerum illo et.,Magnam et porro placeat velit non laboriosam nam sequi voluptas.,1980," E10+",97," Thriller",DK,2
146,Velit nostrum aut dolores veritatis.,Ab quidem sint dolor culpa non qui aut praesentium aut.,1992," M",38," Comedy",BT,7
147,Accusamus nesciunt consequatur voluptate sit.,Quam impedit et dolore ipsa a maiores ut temporibus magni.,2016," R16",21," Historical",CR,10
148,Similique et nobis facere vero.,Eligendi nam dolore amet ut odit sint iure perspiciatis dolores.,1983," R",181," Horror",MX,10
149,Recusandae ut similique animi ut.,Tempore ut rem hic beatae non est voluptas ullam ut.,2007," T",124," Mystery",PN,1
150,Inventore est at totam voluptatem.,Et repellat nisi rem ad sunt veritatis et harum beatae.,2017," U",150," Family",AL,7
151,Labore amet quia accusamus veritatis.,Et deserunt voluptatum iusto aliquam ut rerum recusandae debitis voluptas.,1987," NC-17",45," Comedy",IQ,10
152,Deleniti et ex qui eum.,Nam laudantium quia et aut nihil aliquid deserunt qui qui.,1989," R18+",40," Musical",AD,5
153,Aperiam sit libero quia similique.,Possimus enim in accusantium deleniti deserunt porro est possimus iure.,1982," 6",71," Fantasy",ML,2
154,Recusandae autem adipisci provident laboriosam.,Illo dolor eaque non voluptatem molestiae similique aliquam dignissimos repellendus.,1989," 18",78," Historical",TV,2
155,Voluptatum in fugit quidem rerum.,Veritatis velit vero voluptatem eos nihil ad animi aut facilis.,1999," T",69," Mystery",PF,2
156,Dolores praesentium dolorem ratione reprehenderit.,Ipsam id dolores officiis ut tempore reiciendis laudantium praesentium aut.,2019," TV-G",107," Drama",ZM,10
157,Non neque consequatur exercitationem expedita.,Laboriosam eos non voluptas eaque quia sit dignissimos reiciendis earum.,1976," R21",141," Family",PY,6
158,Dignissimos necessitatibus facere ullam dolores.,Facilis libero reprehenderit placeat eum impedit voluptatem sit quis exercitationem.,2015," TV-Y",182," War",WF,5
159,Aut recusandae laudantium a voluptatem.,Deleniti aperiam dolores ea nulla dolore iure praesentium voluptas enim.,2010," TV-MA",135," Historical",PE,5
160,Perferendis quia et accusamus voluptatem.,Eligendi facilis temporibus quidem illum est magni et sit a.,2009," 12",45," Fantasy",CF,7
161,Nisi maiores praesentium voluptas quisquam.,Occaecati accusantium et vero numquam ad doloribus aut aspernatur est.,1975," R",187," Mystery",SE,4
162,Assumenda accusantium voluptatum aliquam expedita.,Iusto ipsam delectus expedita ea sed quo natus libero modi.,2021," R",139," Musical",CH,7
163,Omnis animi dolores qui optio.,Incidunt incidunt quia dolore ex autem magnam repudiandae in a.,1974," M",34," War",BG,8
164,Sed consequatur quod sequi perspiciatis.,Et quas molestiae maiores eius et voluptas praesentium doloribus molestiae.,1974," NC-17",231," Documentary",CU,1
165,Velit ab neque qui facilis.,Sunt voluptatem illo deserunt voluptatum dicta voluptates earum in autem.,1985," TV-MA",54," Romance",SI,8
166,Quaerat dolores possimus atque qui.,Officia provident consequatur in odit aut et exercitationem temporibus omnis.,1994," R16",218," Musical",GM,3
167,Qui maxime non at occaecati.,Velit harum tempora consequuntur aut in ex magnam voluptatem repudiandae.,2003," R",62,Action,LA,8
168,Adipisci consequatur quia minima facilis.,Repellendus aperiam quia quam quaerat laudantium corrupti occaecati et reprehenderit.,2012," X18",226," Historical",CI,9
169,Ad corporis deleniti ad quae.,Rerum nulla dolor totam impedit quo molestias dolorem velit autem.,2007," R16",213,Action,MW,7
170,Nihil perspiciatis itaque accusamus qui.,Quis occaecati quia rem quaerat voluptas fugiat ut et et.,1987,G,152," Western",BZ,2
171,Hic omnis fuga reiciendis optio.,Nam perferendis et illo inventore omnis ullam qui similique possimus.,1996," 18",90,Action,GQ,4
172,Repellat qui molestias tempore iste.,Minima enim mollitia sunt ad voluptatum esse illo facere asperiores.,2007," TV-Y7",27," Fantasy",MW,6
173,Esse velit omnis sed ut.,Aliquid enim amet mollitia minima quibusdam vero asperiores tenetur aspernatur.,2017," 9",50," Horror",HM,8
174,Deleniti dolor architecto aut tempore.,Vel omnis incidunt sint quis est illum id culpa magnam.,1986," U",23," Romance",UM,1
175,Reiciendis asperiores soluta iste veritatis.,Et saepe adipisci officia saepe et aut sapiente recusandae esse.,1988," T",211," Western",LV,6
